0.0,0.0,-0.17959183673469387,0.04897959183673469,-0.27374147834575685,0.09414964161106293,-0.4122448979591837,0.32653061224489793,-0.3836734693877551,0.5142857142857142,-0.22040816326530613,0.6040816326530613,-0.06607717653682398,0.5900152093609885,0.019949790784096283,0.43040491849626794,0.061224489795918366,0.22448979591836735,-0.036734693877551024,0.07755102040816327,1.0,0.0,0.0,0.0,0.0
0.0,0.0,-0.09210526315789473,0.007894736842105263,-0.15115665604781106,0.051050567097228994,-0.19473684210526315,0.1736842105263158,-0.17105263157894737,0.2657894736842105,-0.08947368421052632,0.3157894736842105,-0.002631578947368421,0.27631578947368424,0.02631578947368421,0.18421052631578946,0.02631578947368421,0.07894736842105263,-0.018421052631578946,0.0,1.0,0.0,0.0,0.0,0.0
0.0,0.0,-0.09915611814345991,0.04852320675105485,-0.12869198312236288,0.14978902953586498,-0.10126582278481013,0.2616033755274262,-0.02531645569620253,0.3270042194092827,0.08438818565400844,0.34177215189873417,0.13924050632911392,0.23628691983122363,0.14978902953586498,0.13291139240506328,0.09915611814345991,0.03164556962025317,0.004219409282700422,-0.002109704641350211,1.0,0.0,0.0,0.0,0.0
0.0,0.0,-0.14285714285714285,0.045714285714285714,-0.19921066102986162,0.07083712865558212,-0.40285714285714286,0.18,-0.32285714285714284,0.30857142857142855,-0.1742857142857143,0.3657142857142857,-0.02857142857142857,0.3657142857142857,0.05348738107576186,0.2844538092770477,0.08571428571428572,0.10857142857142857,0.014285714285714285,-0.005714285714285714,1.0,0.0,0.0,0.0,0.0
0.0,0.0,-0.07142857142857142,0.005952380952380952,-0.125,0.047619047619047616,-0.13690476190476192,0.11904761904761904,-0.0992063492063492,0.17857142857142858,-0.02976190476190476,0.2003968253968254,0.04563492063492063,0.19642857142857142,0.07539682539682539,0.13690476190476192,0.07539682539682539,0.06746031746031746,0.01984126984126984,0.02976190476190476,1.0,0.0,0.0,0.0,0.0
0.0,0.0,-0.06426350299972239,0.03414668315923522,-0.17208056675582994,0.046526647235194174,-0.29823897680443245,0.11888698982284374,-0.3888310713651598,0.5168951510401635,-0.2028985507246377,0.6347826086956522,-0.10812962821203291,0.5947088006432434,-0.014492753623188406,0.34782608695652173,0.008695652173913044,0.17681159420289855,-0.028985507246376812,0.002898550724637681,1.0,0.0,0.0,0.0,0.0
0.0,0.0,-0.08099688473520249,0.2118380062305296,-0.11214953271028037,0.42679127725856697,-0.040498442367601244,0.6105919003115264,0.1806853582554517,0.6199376947040498,0.2836329676747832,0.4912722686232651,0.3302180685358255,0.2367601246105919,0.2616822429906542,0.03115264797507788,0.09657320872274143,-0.09968847352024922,-0.009345794392523364,0.021806853582554516,1.0,0.0,0.0,0.0,0.0
0.0,0.0,-0.07505070993914807,0.014198782961460446,-0.11561866125760649,0.09939148073022312,-0.12170385395537525,0.18052738336713997,-0.08519269776876268,0.25760649087221094,0.010141987829614604,0.25963488843813387,0.06693711967545639,0.20892494929006086,0.08113590263691683,0.12373225152129817,0.06693711967545639,0.04462474645030426,0.010141987829614604,-0.016227180527383367,1.0,0.0,0.0,0.0,0.0
0.0,0.0,-0.0970464135021097,0.0970464135021097,-0.13291139240506328,0.20464135021097046,-0.05063291139240506,0.3059071729957806,0.07172995780590717,0.3206751054852321,0.1877637130801688,0.25316455696202533,0.23628691983122363,0.13924050632911392,0.20675105485232068,0.012658227848101266,0.09282700421940929,-0.0379746835443038,-0.010548523206751054,-0.006329113924050633,1.0,0.0,0.0,0.0,0.0
0.0,0.0,-0.05656948024382441,0.004327163238244114,-0.33060109289617484,0.2103825136612022,-0.30327868852459017,0.3989071038251366,-0.1448087431693989,0.5191256830601093,0.05737704918032787,0.5355191256830601,0.1830601092896175,0.3825136612021858,0.23770491803278687,0.18579234972677597,0.1862062073046976,0.03874799521372457,-0.00819672131147541,-0.04918032786885246,1.0,0.0,0.0,0.0,0.0
0.0,0.0,-0.05752961082910321,0.01692047377326565,-0.10321489001692047,0.0727580372250423,-0.11844331641285956,0.14720812182741116,-0.08629441624365482,0.1996615905245347,-0.00338409475465313,0.20642978003384094,0.06260575296108291,0.19120135363790186,0.0829103214890017,0.12859560067681894,0.0727580372250423,0.0676818950930626,0.01353637901861252,0.03722504230118443,1.0,0.0,0.0,0.0,0.0
0.0,0.0,-0.1,0.041666666666666664,-0.18125,0.10208333333333333,-0.21666666666666667,0.19166666666666668,-0.14375,0.2625,-0.05416666666666667,0.2833333333333333,0.03958333333333333,0.2375,0.06875,0.14166666666666666,0.05625,0.03958333333333333,-0.027083333333333334,-0.010416666666666666,1.0,0.0,0.0,0.0,0.0
0.0,0.0,0.12332439678284182,-0.010723860589812333,0.19839142091152814,0.045576407506702415,0.2359249329758713,0.16890080428954424,0.225201072386059,0.28418230563002683,0.13404825737265416,0.32171581769436997,0.064343163538874,0.21983914209115282,0.021447721179624665,0.12064343163538874,0.013404825737265416,-0.002680965147453083,0.08579088471849866,-0.064343163538874,1.0,0.0,0.0,0.0,0.0
0.0,0.0,0.09242144177449169,0.038817005545286505,0.17190388170055454,0.07948243992606285,0.24584103512014788,0.13863216266173753,0.266173752310536,0.2255083179297597,0.1977818853974122,0.28650646950092423,0.11275415896487985,0.26062846580406657,0.04990757855822551,0.19038817005545286,0.04621072088724584,0.08872458410351201,0.09426987060998152,0.018484288354898338,1.0,0.0,0.0,0.0,0.0
0.0,0.0,0.09688013136288999,0.05090311986863711,0.1839080459770115,0.11330049261083744,0.19704433497536947,0.20689655172413793,0.13793103448275862,0.3054187192118227,0.06403940886699508,0.35139573070607555,-0.031198686371100164,0.28078817733990147,-0.06896551724137931,0.19704433497536947,-0.05747126436781609,0.09195402298850575,0.0016420361247947454,0.008210180623973728,1.0,0.0,0.0,0.0,0.0
0.0,0.0,0.11842105263157894,0.09868421052631579,0.23026315789473684,0.19736842105263158,0.24342105263157895,0.34210526315789475,0.17105263157894737,0.46710526315789475,0.019736842105263157,0.4342105263157895,-0.08552631578947369,0.3223684210526316,-0.14473684210526316,0.18092105263157895,-0.08552631578947369,0.046052631578947366,0.01644736842105263,-0.029605263157894735,1.0,0.0,0.0,0.0,0.0
0.0,0.0,0.0055454797602651346,0.023548163899727165,0.10574018126888217,0.1782477341389728,0.09365558912386707,0.29003021148036257,0.021148036253776436,0.3413897280966767,-0.07854984894259819,0.3021148036253776,-0.1299093655589124,0.20241691842900303,-0.12386706948640483,0.09969788519637462,-0.09969788519637462,0.00906344410876133,-0.00906344410876133,-0.0030211480362537764,1.0,0.0,0.0,0.0,0.0
0.0,0.0,0.08130081300813008,0.042682926829268296,0.11178861788617886,0.11585365853658537,0.07926829268292683,0.19715447154471544,0.006097560975609756,0.23780487804878048,-0.07317073170731707,0.1951219512195122,-0.13414634146341464,0.13414634146341464,-0.1524390243902439,0.0508130081300813,-0.08943089430894309,-0.0040650406504065045,-0.0040650406504065045,-0.0040650406504065045,1.0,0.0,0.0,0.0,0.0
0.0,0.0,0.06157112526539278,0.07855626326963906,0.08067940552016985,0.18046709129511676,0.0,0.2484076433121019,-0.09341825902335456,0.2484076433121019,-0.17834394904458598,0.17834394904458598,-0.21231422505307856,0.08917197452229299,-0.18046709129511676,-0.010615711252653927,-0.09129511677282377,-0.05307855626326964,0.0021231422505307855,-0.021231422505307854,1.0,0.0,0.0,0.0,0.0
0.0,0.0,0.06616836223802744,-0.06616836223802744,0.16447368421052633,-0.17434210526315788,0.24342105263157895,-0.26973684210526316,0.2598684210526315,-0.33800718490293447,0.26522981448667227,-0.23002795935339454,0.22697368421052633,0.05921052631578947,0.2138157894736842,0.1875,0.19407894736842105,0.25476422799238035,0.20065789473684212,0.4243421052631579,0.0,1.0,0.0,0.0,0.0
0.0,0.0,0.036414565826330535,-0.06162464985994398,0.07282913165266107,-0.12605042016806722,0.09803921568627451,-0.19047619047619047,0.12324929971988798,-0.20116664364736692,0.12324929971988796,-0.09523809523809523,0.12324929971988796,-0.17395138644582606,0.12324929971988796,-0.005541282499339328,0.12324929971988796,0.13165266106442577,0.12605042016806722,0.19887955182072828,0.0,1.0,0.0,0.0,0.0
0.0,0.0,0.029411764705882353,-0.06092436974789916,0.07773109243697479,-0.1323529411764706,0.12815126050420167,-0.18277310924369747,0.15546218487394958,-0.16176470588235295,0.15336134453781514,-0.07773109243697479,0.14915966386554622,-0.004201680672268907,0.14705882352941177,0.06722689075630252,0.14705882352941177,0.14705882352941177,0.15336134453781514,0.22058823529411764,0.0,1.0,0.0,0.0,0.0
0.0,0.0,0.06840390879478828,-0.05863192182410423,0.1237785016286645,-0.14006514657980457,0.16612377850162866,-0.2280130293159609,0.19543973941368079,-0.2247557003257329,0.1758957654723127,-0.1237785016286645,0.1596091205211726,-0.0646849482128749,0.1563517915309446,0.0749185667752443,0.1563517915309446,0.16612377850162866,0.15309446254071662,0.26058631921824105,0.0,1.0,0.0,0.0,0.0
0.0,0.0,0.04653367839908448,-0.04653367839908448,0.17286626605556038,-0.20296137091432645,0.2852112676056338,-0.34507042253521125,0.323943661971831,-0.3767605633802817,0.2992957746478873,-0.22887323943661972,0.28353258196845615,-0.10276769800117039,0.25704225352112675,0.06338028169014084,0.2535211267605634,0.21830985915492956,0.25,0.36619718309859156,0.0,1.0,0.0,0.0,0.0
0.0,0.0,0.059447983014861996,-0.05732484076433121,0.08214387583087802,-0.09120210849850385,0.16985138004246284,-0.15074309978768577,0.23354564755838642,-0.19745222929936307,0.24416135881104034,-0.12101910828025478,0.24416135881104034,-0.036093418259023353,0.24416135881104034,-0.009010953942950754,0.24416135881104034,0.1040339702760085,0.2526539278131635,0.18259023354564755,0.0,1.0,0.0,0.0,0.0
0.0,0.0,0.052995391705069124,-0.04377880184331797,0.1152073732718894,-0.0967741935483871,0.17050691244239632,-0.14285714285714285,0.22811059907834103,-0.18202764976958524,0.23358259081411598,-0.15044294274455483,0.2557603686635945,-0.029953917050691243,0.2649769585253456,-0.004082003512590013,0.2764976958525346,0.12442396313364056,0.2764976958525346,0.1889400921658986,0.0,1.0,0.0,0.0,0.0
0.0,0.0,0.07178217821782178,-0.03217821782178218,0.11005531107112558,-0.05777994465265715,0.1790584813065291,-0.09957034067299955,0.26732673267326734,-0.16831683168316833,0.3217821782178218,-0.18316831683168316,0.30445544554455445,-0.10396039603960396,0.2871287128712871,-0.0297029702970297,0.27722772277227725,0.05198019801980198,0.2722772277227723,0.13613861386138615,0.0,1.0,0.0,0.0,0.0
0.0,0.0,0.042452044500263894,-0.06367806675039585,0.12043795620437957,-0.21532846715328466,0.16058394160583941,-0.31386861313868614,0.2116788321167883,-0.42700729927007297,0.23357664233576642,-0.3467153284671533,0.2657168324220528,-0.3696721811679652,0.20804958903918291,-0.1644578881901359,0.20072992700729927,0.014598540145985401,0.21532846715328466,0.13138686131386862,0.0,1.0,0.0,0.0,0.0
0.0,0.0,0.026239067055393587,-0.011661807580174927,0.037900874635568516,-0.03498542274052478,0.05539358600583091,-0.061224489795918366,0.06997084548104957,-0.0641399416909621,0.06997084548104957,-0.037900874635568516,0.06997084548104957,-0.0029154518950437317,0.06997084548104957,0.029154518950437316,0.06997084548104957,0.061224489795918366,0.06997084548104957,0.09037900874635568,0.0,1.0,0.0,0.0,0.0
0.0,0.0,0.12333333333333334,-0.08666666666666667,0.21666666666666667,-0.2,0.30968365734816605,-0.28749658430948094,0.44666666666666666,-0.4066666666666667,0.48,-0.35963761305954073,0.4771913312070826,-0.21776731986707865,0.47506210798846177,-0.1153105399423089,0.4500000000000002,0.048861018363028835,0.45,0.2733333333333333,0.0,1.0,0.0,0.0,0.0
0.0,0.0,-0.0136986301369863,-0.09315068493150686,-0.0136986301369863,-0.19452054794520549,-0.0136986301369863,-0.2821917808219178,-0.0136986301369863,-0.3726027397260274,-0.0136986301369863,-0.46301369863013697,-0.027497923785965342,-0.49399681793264394,-0.11015369634348121,-0.4467128010477633,-0.20821917808219179,-0.34794520547945207,-0.27671232876712326,-0.27945205479452057,0.0,1.0,0.0,0.0,0.0
0.0,0.0,0.002544529262086514,-0.08396946564885496,0.010178117048346057,-0.1475826972010178,0.015267175572519083,-0.23918575063613232,0.015267175572519083,-0.32061068702290074,0.015267175572519083,-0.39185750636132316,0.015267175572519083,-0.4681933842239186,-0.05089058524173028,-0.4198473282442748,-0.10941475826972011,-0.3791348600508906,-0.17048346055979643,-0.3460559796437659,0.0,1.0,0.0,0.0,0.0
0.0,0.0,-0.002277904328018223,-0.0774487471526196,-0.002277904328018223,-0.14123006833712984,-0.002277904328018223,-0.22323462414578588,-0.002277904328018223,-0.30068337129840544,-0.002277904328018223,-0.3621867881548975,-0.04555808656036447,-0.38496583143507973,-0.07309805343237469,-0.36798627044626997,-0.17312072892938496,-0.3143507972665148,-0.2255125284738041,-0.2733485193621868,0.0,1.0,0.0,0.0,0.0
0.0,0.0,-0.008016032064128256,-0.06813627254509018,-0.008016032064128258,-0.11112407075124148,-0.008016032064128256,-0.21643286573146292,-0.008016032064128256,-0.280561122244489,-0.012024048096192385,-0.342685370741483,-0.04771573575016548,-0.311001699119574,-0.10821643286573146,-0.23446893787575152,-0.14829659318637275,-0.1683366733466934,-0.17034068136272545,-0.11623246492985972,0.0,1.0,0.0,0.0,0.0
0.0,0.0,-0.004158004158004158,-0.060291060291060294,-0.016632016632016633,-0.14760914760914762,-0.02494802494802495,-0.21205821205821207,-0.02494802494802495,-0.2806652806652807,-0.02494802494802495,-0.340956340956341,-0.060291060291060294,-0.3367983367983368,-0.09771309771309772,-0.2806652806652807,-0.1392931392931393,-0.2182952182952183,-0.16424116424116425,-0.16632016632016633,0.0,1.0,0.0,0.0,0.0
0.0,0.0,0.0,-0.07834101382488479,0.0,-0.15668202764976957,0.0,-0.24423963133640553,0.0,-0.3225806451612903,-0.009216589861751152,-0.4032258064516129,-0.04377880184331797,-0.41935483870967744,-0.08064516129032258,-0.35253456221198154,-0.12211981566820276,-0.271889400921659,-0.15668202764976957,-0.2119815668202765,0.0,1.0,0.0,0.0,0.0
0.0,0.0,-0.007425742574257425,-0.07920792079207921,-0.007425742574257425,-0.15099009900990099,-0.007425742574257425,-0.21782178217821782,-0.007425742574257425,-0.297029702970297,-0.012376237623762377,-0.3613861386138614,-0.03140162740302892,-0.3566702609925256,-0.09778010074456489,-0.2987758317432248,-0.1905940594059406,-0.21287128712871287,-0.23514851485148514,-0.16831683168316833,0.0,1.0,0.0,0.0,0.0
0.0,0.0,0.0,-0.1016949152542373,0.003389830508474576,-0.1864406779661017,0.009722956667531844,-0.24714313551236783,0.03389830508474576,-0.3593220338983051,0.04067796610169491,-0.44745762711864406,0.03243447139360771,-0.4711093681867174,-0.04178629946994061,-0.4056620661624553,-0.1423728813559322,-0.3389830508474576,-0.2135593220338983,-0.2983050847457627,0.0,1.0,0.0,0.0,0.0
0.0,0.0,0.04377880184331797,-0.03917050691244239,0.10599078341013825,-0.09216589861751152,0.15207373271889402,-0.1336405529953917,0.1935483870967742,-0.17050691244239632,0.22119815668202766,-0.16359447004608296,0.22119815668202766,-0.09907834101382489,0.21428571428571427,-0.03456221198156682,0.20046082949308755,0.029953917050691243,0.19815668202764977,0.08525345622119816,0.0,1.0,0.0,0.0,0.0
0.0,0.0,0.017857142857142856,-0.0663265306122449,0.030612244897959183,-0.14285714285714285,0.03571428571428571,-0.21428571428571427,0.04081632653061224,-0.29081632653061223,0.03571428571428571,-0.3469387755102041,0.0356358328891801,-0.3584915303699794,-0.08049129476060675,-0.29505048510736354,-0.1836734693877551,-0.25510204081632654,-0.2423469387755102,-0.21683673469387754,0.0,1.0,0.0,0.0,0.0
0.0,0.0,0.0,-0.010622457528373985,0.0,-0.1743914644395864,0.0,-0.3524904214559387,0.011494252873563218,-0.39763997774314397,0.019157088122605363,-0.5977011494252874,0.0,-0.6666666666666666,-0.06513409961685823,-0.5708812260536399,-0.13026819923371646,-0.4674329501915709,-0.210727969348659,-0.39846743295019155,0.0,1.0,0.0,0.0,0.0
0.0,0.0,0.04904632152588556,-0.08174386920980926,0.09536784741144415,-0.16893732970027248,0.14986376021798364,-0.2561307901907357,0.19618528610354224,-0.3405994550408719,0.20163487738419617,-0.26272250341763637,0.20163487738419622,-0.16174787354189402,0.20163487738419622,-0.06660919806782735,0.2016348773841962,0.05722070844686648,0.20708446866485014,0.15803814713896458,0.0,1.0,0.0,0.0,0.0
0.0,0.0,0.0,-0.06864988558352403,-4.416127774586132E-4,-0.11412539920552496,0.018306636155606407,-0.20594965675057209,0.02745995423340961,-0.2745995423340961,0.02745995423340961,-0.34324942791762014,-0.018306636155606407,-0.30892448512585813,-0.04553247293888355,-0.2756744754407563,-0.10983981693363844,-0.20823798627002288,-0.15789473684210525,-0.16247139588100687,0.0,1.0,0.0,0.0,0.0
0.0,0.0,0.0,-0.11036789297658862,0.020066889632107024,-0.22408026755852842,0.02675585284280936,-0.01889004036570796,0.043478260869565216,-0.4214046822742475,0.04682274247491638,-0.5074261957946464,0.010033444816053512,-0.5518394648829431,-0.06020066889632107,-0.47157190635451507,-0.13043478260869565,-0.39464882943143814,-0.21070234113712374,-0.3377926421404682,0.0,1.0,0.0,0.0,0.0
0.0,0.0,0.035,-0.065,0.0725,-0.1325,0.1025,-0.2,0.125,-0.25,0.1275,-0.18,0.1275,-0.16584202809082146,0.1308209714447126,-0.08817262878126399,0.1175,0.0425,0.1125,0.1075,0.0,1.0,0.0,0.0,0.0
0.0,0.0,0.047493403693931395,-0.0633245382585752,0.11873350923482849,-0.08179419525065963,0.1662269129287599,-0.023746701846965697,0.1503957783641161,0.052770448548812667,0.079155672823219,0.09762532981530343,0.0712401055408971,0.1345646437994723,0.158311345646438,0.1345646437994723,0.25065963060686014,0.13984168865435356,0.31926121372031663,0.15303430079155672,0.0,0.0,1.0,0.0,0.0
0.0,0.0,0.056795131845841784,-0.04056795131845842,0.1257606490872211,-0.030425963488843813,0.15415821501014199,0.04056795131845842,0.1075050709939148,0.08113590263691683,0.036511156186612576,0.10953346855983773,0.05273833671399594,0.1257606490872211,0.13387423935091278,0.12170385395537525,0.1721480170140842,0.11224732139743634,0.2535496957403651,0.0872210953346856,0.0,0.0,1.0,0.0,0.0
0.0,0.0,0.08544753745432838,-0.07615961175773393,0.21981424148606812,-0.18575851393188855,0.2817337461300309,-0.1560337144351409,0.2260061919504644,0.04643962848297214,0.13622291021671826,0.14551083591331268,0.021671826625386997,0.23839009287925697,0.15170278637770898,0.24458204334365324,0.29411764705882354,0.21981424148606812,0.43343653250773995,0.21362229102167182,0.0,0.0,1.0,0.0,0.0
0.0,0.0,0.08677685950413223,-0.05165289256198347,0.19834710743801653,-0.07024793388429752,0.27892561983471076,-0.014462809917355372,0.24380165289256198,0.08471074380165289,0.15082644628099173,0.14669421487603307,0.05165289256198347,0.17768595041322313,0.05785123966942149,0.1921487603305785,0.17355371900826447,0.1756198347107438,0.27479338842975204,0.16942148760330578,0.0,0.0,1.0,0.0,0.0
0.0,0.0,0.06713780918727916,-0.12367491166077739,0.1625441696113074,-0.20848056537102475,0.26501766784452296,-0.15547703180212014,0.26148409893992935,-0.0353356890459364,0.18374558303886926,0.08480565371024736,0.08833922261484099,0.17667844522968199,0.16607773851590105,0.19434628975265017,0.30742049469964666,0.19434628975265017,0.4169611307420495,0.19081272084805653,0.0,0.0,1.0,0.0,0.0
0.0,0.0,0.02771362586605081,-0.06004618937644342,0.07621247113163972,-0.10392609699769054,0.12471131639722864,-0.07159353348729793,0.10392609699769054,-0.009237875288683603,0.057736720554272515,0.04849884526558892,0.009237875288683603,0.09006928406466513,0.020785219399538105,0.11316397228637413,0.09930715935334873,0.11316397228637413,0.15473441108545036,0.09930715935334873,0.0,0.0,1.0,0.0,0.0
0.0,0.0,0.008241758241758242,-0.0989010989010989,0.07142857142857142,-0.1565934065934066,0.13186813186813187,-0.11538461538461539,0.10989010989010989,-0.024725274725274724,0.07530779695762571,0.026114160134365655,-0.0027472527472527475,0.12362637362637363,0.03021978021978022,0.15934065934065933,0.1401098901098901,0.15934065934065933,0.22252747252747251,0.15934065934065933,0.0,0.0,1.0,0.0,0.0
0.0,0.0,-0.003003003003003003,-0.1021021021021021,0.1021021021021021,-0.14114114114114115,0.17717717717717718,-0.09009009009009009,0.18078639064160215,-0.02006791386520991,0.08408408408408409,0.09309309309309309,0.036036036036036036,0.15315315315315314,0.09001615010673494,0.16516516516516522,0.18502564346320532,0.16516516516516516,0.36036036036036034,0.16816816816816818,0.0,0.0,1.0,0.0,0.0
0.0,0.0,0.052521008403361345,-0.03991596638655462,0.11134453781512606,-0.03991596638655462,0.14495798319327732,0.012605042016806723,0.11134453781512606,0.06092436974789916,0.05042016806722689,0.11134453781512606,0.031512605042016806,0.15756302521008403,0.10084033613445378,0.16176470588235295,0.10995137566156554,0.16214064162414188,0.22899159663865545,0.14285714285714285,0.0,0.0,1.0,0.0,0.0
0.0,0.0,0.07807807807807808,-0.03303303303303303,0.14114114114114115,-0.02702702702702703,0.1111111111111111,0.05405405405405406,0.04504504504504504,0.12012012012012012,0.024024024024024024,0.17417417417417416,-0.029872043265746745,0.16818572225308842,0.14343509692668904,0.1861861861861862,0.2882882882882883,0.18618618618618618,0.37237237237237236,0.18618618618618618,0.0,0.0,1.0,0.0,0.0
0.0,0.0,0.051643192488262914,-0.035211267605633804,0.10328638497652583,-0.03286384976525822,0.09389671361502347,0.04225352112676056,0.05868544600938967,0.1056338028169014,0.03286384976525822,0.14553990610328638,-0.01643192488262911,0.19014084507042253,0.04225352112676056,0.19483568075117372,0.10328638497652583,0.19483568075117372,0.1643192488262911,0.19248826291079812,0.0,0.0,1.0,0.0,0.0
0.0,0.0,0.059895833333333336,-0.11458333333333333,0.1875,-0.19010416666666666,0.23177083333333334,-0.10677083333333333,0.16145833333333334,0.015625,0.1318424901027369,0.05607061775737149,-0.020833333333333332,0.21875,-0.026041666666666668,0.2864583333333333,0.10416666666666667,0.2630208333333333,0.23958333333333334,0.2421875,0.0,0.0,1.0,0.0,0.0
0.0,0.0,0.040968342644320296,-0.0521415270018622,0.09124767225325885,-0.06890130353817504,0.13221601489757914,-0.0223463687150838,0.0931098696461825,0.04283054003724395,0.05772811918063315,0.09683426443202979,0.03165735567970205,0.14711359404096835,0.0931098696461825,0.1340782122905028,0.16201117318435754,0.1042830540037244,0.21601489757914338,0.08752327746741155,0.0,0.0,1.0,0.0,0.0
0.0,0.0,0.05934718100890208,-0.06528189910979229,0.11275964391691394,-0.12166172106824925,0.1661721068249258,-0.06824925816023739,0.14836795252225518,0.017804154302670624,0.09792284866468842,0.08605341246290801,0.04747774480712166,0.14836795252225518,0.12462908011869436,0.16023738872403562,0.20771513353115728,0.16023738872403562,0.29673590504451036,0.16023738872403562,0.0,0.0,1.0,0.0,0.0
0.0,0.0,0.05623471882640587,-0.0488997555012225,0.10024449877750612,-0.05623471882640587,0.08801955990220049,0.014669926650366748,0.0488997555012225,0.08801955990220049,0.004889975550122249,0.14425427872860636,-0.044009779951100246,0.18337408312958436,0.02444987775061125,0.20537897310513448,0.09290953545232274,0.20537897310513448,0.16625916870415647,0.20293398533007334,0.0,0.0,1.0,0.0,0.0
0.0,0.0,0.0581039755351682,-0.0856269113149847,0.13149847094801223,-0.18042813455657492,0.21100917431192662,-0.14678899082568808,0.18654434250764526,-0.039755351681957186,0.11314984709480122,0.04892966360856269,0.01834862385321101,0.11009174311926606,0.10703363914373089,0.13761467889908258,0.22324159021406728,0.14067278287461774,0.3241590214067278,0.12844036697247707,0.0,0.0,1.0,0.0,0.0
0.0,0.0,0.05976095617529881,-0.07370517928286853,0.1752988047808765,-0.10557768924302789,0.2649402390438247,-0.11155378486055777,0.28286852589641437,-0.029880478087649404,0.21314741035856574,0.05976095617529881,0.1454183266932271,0.11952191235059761,0.10358565737051793,0.1454183266932271,0.21314741035856574,0.1454183266932271,0.30876494023904383,0.13745019920318724,0.0,0.0,1.0,0.0,0.0
0.0,0.0,0.043731778425655975,-0.08454810495626822,0.11661807580174927,-0.14868804664723032,0.15451895043731778,-0.09912536443148688,0.119533527696793,-0.01749271137026239,0.04956268221574344,0.04664723032069971,0.0058309037900874635,0.09329446064139942,0.09620991253644315,0.09912536443148688,0.20116618075801748,0.09912536443148688,0.2857142857142857,0.09912536443148688,0.0,0.0,1.0,0.0,0.0
0.0,0.0,0.04716981132075472,-0.03773584905660377,0.09669811320754718,-0.01650943396226415,0.10377358490566038,0.049528301886792456,0.049528301886792456,0.09905660377358491,0.0,0.12971698113207547,-0.030660377358490566,0.15330188679245282,0.03537735849056604,0.15330188679245282,0.10141509433962265,0.15330188679245282,0.16273584905660377,0.15330188679245282,0.0,0.0,1.0,0.0,0.0
0.0,0.0,0.08645290379537181,-0.015166234544831493,0.2349570200573066,-0.03724928366762178,0.2979942693409742,0.022922636103151862,0.2946835626046201,0.04574133351033785,0.20111204065353955,0.16833580825946415,0.07736389684813753,0.28939828080229224,0.1174785100286533,0.335243553008596,0.17825886079872172,0.3352435530085961,0.3467048710601719,0.335243553008596,0.0,0.0,1.0,0.0,0.0
0.0,0.0,0.04452054794520548,-0.08561643835616438,0.14383561643835616,-0.13356164383561644,0.19863013698630136,-0.07191780821917808,0.16095890410958905,0.03424657534246575,0.07876712328767123,0.07876712328767123,0.07191780821917808,0.11643835616438356,0.1952054794520548,0.11643835616438356,0.25989516583280814,0.11643835616438354,0.3972602739726027,0.11986301369863013,0.0,0.0,1.0,0.0,0.0
0.0,0.0,0.04371584699453552,-0.05191256830601093,0.09836065573770492,-0.03278688524590164,0.10655737704918032,0.04371584699453552,0.06830601092896176,0.10655737704918032,0.00546448087431694,0.1448087431693989,-0.01092896174863388,0.19398907103825136,0.060109289617486336,0.19672131147540983,0.13114754098360656,0.1994535519125683,0.20491803278688525,0.20218579234972678,0.0,0.0,1.0,0.0,0.0
0.0,0.0,0.0392156862745098,-0.058823529411764705,0.10588235294117647,-0.0803921568627451,0.12941176470588237,-0.011764705882352941,0.10196078431372549,0.06666666666666667,0.043137254901960784,0.11568627450980393,0.00980392156862745,0.1627450980392157,0.08431372549019608,0.1627450980392157,0.16470588235294117,0.1627450980392157,0.24313725490196078,0.17058823529411765,0.0,0.0,1.0,0.0,0.0
0.0,0.0,0.02531645569620253,-0.0981012658227848,0.12341772151898735,-0.08860759493670886,0.08544303797468354,0.03164556962025317,0.012658227848101266,0.12974683544303797,-0.07911392405063292,0.19936708860759494,-0.10519549251423628,0.2523647422304839,0.0379746835443038,0.22468354430379747,0.1518987341772152,0.21518987341772153,0.26582278481012656,0.1962025316455696,0.0,0.0,1.0,0.0,0.0
0.0,0.0,0.09797297297297297,-0.05067567567567568,0.17229729729729729,0.006756756756756757,0.16554054054054054,0.11824324324324324,0.09797297297297297,0.22297297297297297,0.010135135135135136,0.28716216216216217,0.10810810810810811,0.30405405405405406,0.21621621621621623,0.3141891891891892,0.3310810810810811,0.31756756756756754,0.4189189189189189,0.28378378378378377,0.0,0.0,1.0,0.0,0.0
0.0,0.0,0.07823960880195599,-0.03178484107579462,0.1393643031784841,-0.039119804400977995,0.15647921760391198,0.03178484107579462,0.09290953545232274,0.09290953545232274,0.10268948655256724,0.10757946210268948,0.1784841075794621,0.1198044009779951,0.2200488997555012,0.1784841075794621,0.17114914425427874,0.2200488997555012,0.09535452322738386,0.2200488997555012,0.0,0.0,0.0,1.0,0.0
0.0,0.0,0.0636042402826855,-0.08480565371024736,0.1519434628975265,-0.10954063604240283,0.22614840989399293,-0.06713780918727916,0.14840989399293286,-0.0035335689045936395,0.21554770318021202,0.01060070671378092,0.2826855123674912,0.0812720848056537,0.254416961130742,0.1696113074204947,0.1519434628975265,0.1872791519434629,0.053003533568904596,0.18374558303886926,0.0,0.0,0.0,1.0,0.0
0.0,0.0,0.11254019292604502,-0.03215434083601286,0.13504823151125403,0.08681672025723473,0.028938906752411574,0.1607717041800643,-0.02815488440056886,0.1639871382636656,0.12218649517684887,0.19614147909967847,0.1832797427652733,0.2829581993569132,0.12218649517684887,0.3890675241157556,-0.003215434083601286,0.40192926045016075,-0.10289389067524116,0.3633440514469453,0.0,0.0,0.0,1.0,0.0
0.0,0.0,0.08016877637130802,-0.1350210970464135,0.21518987341772153,-0.16455696202531644,0.24472573839662448,0.004219409282700422,0.18143459915611815,0.13924050632911392,0.07172995780590717,0.1350210970464135,0.23628691983122363,0.1729957805907173,0.2742616033755274,0.3206751054852321,0.14767932489451477,0.4092827004219409,-0.004219409282700422,0.4430379746835443,0.0,0.0,0.0,1.0,0.0
0.0,0.0,0.05010438413361169,-0.03966597077244259,0.10020876826722339,-0.006263048016701462,0.07724425887265135,0.06889352818371608,0.029227557411273485,0.08559498956158663,0.09603340292275574,0.10020876826722339,0.15031315240083507,0.15031315240083507,0.1260108362846689,0.1775706132940656,0.022964509394572025,0.2150313152400835,-0.04801670146137787,0.22755741127348644,0.0,0.0,0.0,1.0,0.0
0.0,0.0,0.056818181818181816,-0.13257575757575757,0.19696969696969696,-0.1553030303030303,0.2159090909090909,-0.022727272727272728,0.125,0.11363636363636363,0.07575757575757576,0.14393939393939395,0.2159090909090909,0.19696969696969696,0.17803030303030304,0.3371212121212121,0.03787878787878788,0.4015151515151515,-0.07196969696969698,0.38636363636363635,0.0,0.0,0.0,1.0,0.0
0.0,0.0,0.06030150753768844,-0.0829145728643216,0.1407035175879397,-0.03015075376884422,0.10804020100502512,0.07788944723618091,0.07520767295128408,0.14843459056823813,-0.020100502512562814,0.23869346733668342,0.08793969849246232,0.22110552763819097,0.12562814070351758,0.314070351758794,0.022613065326633167,0.36432160804020103,-0.08793969849246232,0.37185929648241206,0.0,0.0,0.0,1.0,0.0
0.0,0.0,0.07457627118644068,-0.0711864406779661,0.13898305084745763,-0.01694915254237288,0.11864406779661017,0.0847457627118644,0.03389830508474576,0.13898305084745763,0.1016949152542373,0.17966101694915254,0.16610169491525423,0.26440677966101694,0.07796610169491526,0.31864406779661014,-0.02711864406779661,0.31864406779661014,-0.12542372881355932,0.2983050847457627,0.0,0.0,0.0,1.0,0.0
0.0,0.0,0.06253751545001927,-0.08189919966447459,0.21011673151750973,-0.042801556420233464,0.23196167585433253,0.05965263803925466,0.0933852140077821,0.19455252918287938,0.08949416342412451,0.22178988326848248,0.17898832684824903,0.32684824902723736,0.12823078516862446,0.4293705424275792,0.060522520485161595,0.47470817120622566,-0.16731517509727625,0.44357976653696496,0.0,0.0,0.0,1.0,0.0
0.0,0.0,0.08627450980392157,-0.12941176470588237,0.21568627450980393,-0.047058823529411764,0.2196078431372549,0.11764705882352941,0.10980392156862745,0.17254901960784313,0.25882352941176473,0.2627450980392157,0.2901960784313726,0.40784313725490196,0.16862745098039217,0.4980392156862745,0.011764705882352941,0.47058823529411764,-0.08627450980392157,0.35294117647058826,0.0,0.0,0.0,1.0,0.0
0.0,0.0,0.048672566371681415,-0.030973451327433628,0.06858407079646017,0.024336283185840708,0.05088495575221239,0.04424778761061947,0.1172566371681416,0.05530973451327434,0.1415929203539823,0.11946902654867257,0.10398230088495575,0.1836283185840708,0.03761061946902655,0.1902654867256637,-0.02654867256637168,0.168141592920354,-0.07300884955752213,0.11504424778761062,0.0,0.0,0.0,1.0,0.0
0.0,0.0,0.10309278350515463,-0.03350515463917526,0.20618556701030927,-0.028350515463917526,0.15206185567010308,0.07989690721649484,0.06958762886597938,0.15206185567010308,0.1134020618556701,0.18298969072164947,0.21649484536082475,0.211340206185567,0.20876288659793815,0.30927835051546393,0.10824742268041238,0.3402061855670103,0.010309278350515464,0.33505154639175255,0.0,0.0,0.0,1.0,0.0
0.0,0.0,0.10543130990415335,0.003194888178913738,0.20766773162939298,0.03514376996805112,0.16613418530351437,0.09584664536741214,0.07987220447284345,0.16932907348242812,0.16293929712460065,0.19488817891373802,0.2108626198083067,0.28753993610223644,0.16613418530351437,0.38338658146964855,0.05750798722044728,0.402555910543131,-0.03514376996805112,0.3769968051118211,0.0,0.0,0.0,1.0,0.0
0.0,0.0,0.07289293849658314,0.01366742596810934,0.12300683371298406,0.06378132118451026,0.06605922551252848,0.10933940774487472,0.08200455580865604,0.12984054669703873,0.12300683371298406,0.1845102505694761,0.0888382687927107,0.255125284738041,0.009111617312072893,0.27790432801822323,-0.0683371298405467,0.26879271070615035,-0.13895216400911162,0.24829157175398633,0.0,0.0,0.0,1.0,0.0
0.0,0.0,0.11621621621621622,0.0,0.24864864864864866,0.0,0.23783783783783785,0.04054054054054054,0.14324324324324325,0.11891891891891893,0.20810810810810812,0.16216216216216217,0.23783783783783785,0.27837837837837837,0.16216216216216217,0.35405405405405405,0.043243243243243246,0.31351351351351353,-0.021621621621621623,0.22432432432432434,0.0,0.0,0.0,1.0,0.0
0.0,0.0,0.12834224598930483,0.0,0.24866310160427807,0.0053475935828877,0.21657754010695188,0.08021390374331551,0.13903743315508021,0.10160427807486631,0.25668449197860965,0.16310160427807488,0.2540106951871658,0.27540106951871657,0.15240641711229946,0.3342245989304813,0.03208556149732621,0.2914438502673797,-0.0855614973262032,0.25133689839572193,0.0,0.0,0.0,1.0,0.0
0.0,0.0,0.04541842424438616,-0.01790305234177615,0.19696969696969696,-0.01818181818181818,0.23636363636363636,0.06363636363636363,0.15151515151515152,0.1393939393939394,0.16666666666666666,0.18181818181818182,0.23333333333333334,0.24848484848484848,0.19393939393939394,0.3212121212121212,0.09393939393939393,0.3242424242424242,0.0,0.31212121212121213,0.0,0.0,0.0,1.0,0.0
0.0,0.0,0.06741573033707865,-0.031835205992509365,0.15917602996254682,-0.04307116104868914,0.22846441947565543,-0.026217228464419477,0.21722846441947566,0.04681647940074907,0.20411985018726592,0.08239700374531835,0.18352059925093633,0.13857677902621723,0.09737827715355805,0.14606741573033707,0.037916783257992775,0.15148634911079686,-0.06179775280898876,0.11235955056179775,0.0,0.0,0.0,1.0,0.0
0.0,0.0,0.1270358306188925,-0.019543973941368076,0.24429967426710097,0.013029315960912053,0.21498371335504887,0.14332247557003258,0.14332247557003258,0.18566775244299674,0.26058631921824105,0.250814332247557,0.31596091205211724,0.36156351791530944,0.24104234527687296,0.44625407166123776,0.14156514309199159,0.4494256219961812,0.006514657980456026,0.3550488599348534,0.0,0.0,0.0,1.0,0.0
0.0,0.0,0.091324200913242,-0.02511415525114155,0.14383561643835616,0.07077625570776255,0.0547945205479452,0.1232876712328767,-0.04337899543378995,0.1141552511415525,0.0639269406392694,0.1232876712328767,0.08904109589041095,0.22602739726027396,0.0136986301369863,0.2922374429223744,-0.0958904109589041,0.3013698630136986,-0.182648401826484,0.2694063926940639,0.0,0.0,0.0,1.0,0.0
0.0,0.0,0.1377049180327869,-0.01639344262295082,0.22295081967213115,0.09508196721311475,0.19344262295081968,0.21967213114754097,0.07540983606557378,0.20655737704918034,0.17049180327868851,0.1737704918032787,0.25901639344262295,0.28852459016393445,0.18688524590163935,0.39672131147540984,0.03934426229508197,0.419672131147541,-0.09508196721311475,0.4131147540983607,0.0,0.0,0.0,1.0,0.0
0.0,0.0,-0.037037037037037035,0.08061002178649238,-0.08496732026143791,0.16339869281045752,-0.1239171981324073,0.21848101144055518,-0.1721132897603486,0.3355119825708061,-0.06971677559912855,0.33986928104575165,0.0196078431372549,0.3333333333333333,0.10239651416122005,0.33986928104575165,0.06100217864923747,0.43790849673202614,0.05010893246187364,0.5228758169934641,0.0,0.0,0.0,0.0,1.0
0.0,0.0,-0.0755287009063444,0.09969788519637462,-0.10753225558672494,0.13753316407844157,-0.24169184290030213,0.31419939577039274,-0.2537764350453172,0.3806646525679758,-0.12084592145015106,0.3474320241691843,-0.24125175666928536,0.34138972809667667,0.14501510574018128,0.3413897280966767,0.13960401964188462,0.4156560090545992,0.09969788519637462,0.5558912386706949,0.0,0.0,0.0,0.0,1.0
0.0,0.0,-0.030373831775700934,0.035046728971962614,-0.06074766355140187,0.07710280373831775,-0.0794392523364486,0.11682242990654206,-0.035046728971962614,0.13317757009345793,0.016355140186915886,0.13317757009345793,0.0397196261682243,0.1542056074766355,0.028037383177570093,0.205607476635514,0.02336448598130841,0.2546728971962617,0.02336448598130841,0.3037383177570093,0.0,0.0,0.0,0.0,1.0
0.0,0.0,-0.04788732394366197,0.07323943661971831,-0.08158519363410527,0.11243117951244275,-0.10622182665151289,0.16575967334618563,-0.15774647887323945,0.29859154929577464,-0.1251759578829696,0.3098591549295774,0.011267605633802818,0.30985915492957744,0.07605633802816901,0.30140845070422534,0.07605633802816901,0.39154929577464787,0.07605633802816901,0.4788732394366197,0.0,0.0,0.0,0.0,1.0
0.0,0.0,-0.05228758169934641,0.058823529411764705,-0.08823529411764706,0.13725490196078433,-0.11764705882352941,0.22549019607843138,-0.0915032679738562,0.26143790849673204,-0.0719030378112215,0.25816993464052296,0.07516339869281045,0.25163398692810457,0.08169934640522876,0.32679738562091504,0.05555555555555555,0.41830065359477125,0.049019607843137254,0.4934640522875817,0.0,0.0,0.0,0.0,1.0
0.0,0.0,-0.006787330316742082,0.038461538461538464,-0.027149321266968326,0.09502262443438914,-0.04072398190045249,0.13574660633484162,-0.05429864253393665,0.17420814479638008,-0.004524886877828055,0.17647058823529413,0.042986425339366516,0.17420814479638008,0.042986425339366516,0.22624434389140272,0.038461538461538464,0.27601809954751133,0.029411764705882353,0.3190045248868778,0.0,0.0,0.0,0.0,1.0
0.0,0.0,-0.0076481835564053535,-0.055449330783938815,-0.0076481835564053535,-0.11089866156787763,-0.015296367112810707,-0.15105162523900573,-0.08030592734225621,-0.15105162523900573,-0.12810707456978968,-0.15678776290630975,-0.14149139579349904,-0.18546845124282982,-0.08604206500956023,-0.23135755258126195,-0.05736137667304015,-0.2695984703632887,-0.028680688336520075,-0.31166347992351817,0.0,0.0,0.0,0.0,1.0
0.0,0.0,0.0,-0.07580174927113703,0.0,-0.16326530612244897,0.01749271137026239,-0.24198250728862974,0.0058309037900874635,-0.282798833819242,-0.0728862973760933,-0.282798833819242,-0.14868804664723032,-0.3032069970845481,-0.09329446064139942,-0.3498542274052478,-0.026239067055393587,-0.40524781341107874,0.026239067055393587,-0.4606413994169096,0.0,0.0,0.0,0.0,1.0
0.0,0.0,-0.02553191489361702,0.06595744680851064,-0.05106382978723404,0.1276595744680851,-0.06808510638297872,0.1702127659574468,0.002127659574468085,0.17872340425531916,0.07021276595744681,0.17872340425531916,0.1148936170212766,0.18936170212765957,0.1148936170212766,0.2680851063829787,0.1148936170212766,0.32978723404255317,0.125531914893617,0.3851063829787234,0.0,0.0,0.0,0.0,1.0
0.0,0.0,-0.027643048776344596,0.042336850423254,-0.08767123287671233,0.136986301369863,-0.13972602739726028,0.2136986301369863,-0.13972602739726028,0.28493150684931506,-0.10044006931003238,0.27959128035788433,0.03561643835616438,0.2547945205479452,0.09041095890410959,0.25753424657534246,0.0547945205479452,0.35342465753424657,0.0410958904109589,0.4191780821917808,0.0,0.0,0.0,0.0,1.0
0.0,0.0,-0.052941176470588235,0.07941176470588235,-0.09411764705882353,0.15588235294117647,-0.06764705882352941,0.20294117647058824,0.0020161606787667194,0.20294117647058824,0.12941176470588237,0.20294117647058824,0.18823529411764706,0.2235294117647059,0.16176470588235295,0.3235294117647059,0.16779090416321352,0.33084511610743306,0.14411764705882352,0.47058823529411764,0.0,0.0,0.0,0.0,1.0
0.0,0.0,-0.0023094688221709007,-0.05542725173210162,-0.0023094688221709007,-0.10854503464203233,0.009237875288683603,-0.16859122401847576,-0.03233256351039261,-0.19399538106235567,-0.08545034642032333,-0.20092378752886836,-0.09930715935334873,-0.20554272517321015,-0.04387990762124711,-0.23787528868360278,-0.004618937644341801,-0.27251732101616627,0.025404157043879907,-0.3233256351039261,0.0,0.0,0.0,0.0,1.0
0.0,0.0,-0.0029239766081871343,-0.10526315789473684,0.02046783625730994,-0.19298245614035087,-0.03216374269005848,-0.23684210526315788,-0.12573099415204678,-0.21929824561403508,-0.21929824561403508,-0.20760233918128654,-0.24269005847953215,-0.24561403508771928,-0.14327485380116958,-0.2953216374269006,-0.05847953216374269,-0.3362573099415205,0.008771929824561403,-0.39473684210526316,0.0,0.0,0.0,0.0,1.0
0.0,0.0,-0.0021008403361344537,-0.05672268907563025,0.0063025210084033615,-0.10714285714285714,-0.018907563025210083,-0.1407563025210084,-0.07352941176470588,-0.14705882352941177,-0.12605042016806722,-0.15756302521008403,-0.12815126050420167,-0.18907563025210083,-0.08403361344537816,-0.21218487394957983,-0.03991596638655462,-0.24579831932773108,0.0021008403361344537,-0.2773109243697479,0.0,0.0,0.0,0.0,1.0
0.0,0.0,-0.0028169014084507044,-0.08732394366197183,0.01971830985915493,-0.15774647887323945,-0.028169014084507043,-0.19154929577464788,-0.10422535211267606,-0.19154929577464788,-0.19436619718309858,-0.19154929577464788,-0.15492957746478872,-0.24507042253521127,-0.07042253521126761,-0.28169014084507044,-0.0028169014084507044,-0.3126760563380282,0.0647887323943662,-0.36056338028169016,0.0,0.0,0.0,0.0,1.0
0.0,0.0,0.004524886877828055,-0.07013574660633484,0.01583710407239819,-0.1425339366515837,-0.011312217194570135,-0.17647058823529413,-0.09276018099547512,-0.19004524886877827,-0.16289592760180996,-0.19457013574660634,-0.17420814479638008,-0.22624434389140272,-0.1085972850678733,-0.27828054298642535,-0.06561085972850679,-0.3257918552036199,-0.01809954751131222,-0.3733031674208145,0.0,0.0,0.0,0.0,1.0
0.0,0.0,-0.047619047619047616,0.07671957671957672,-0.11904761904761904,0.15873015873015872,-0.19047619047619047,0.21164021164021163,-0.1984126984126984,0.2566137566137566,-0.08994708994708994,0.2671957671957672,0.0,0.2698412698412698,0.07671957671957672,0.30158730158730157,0.04497354497354497,0.4074074074074074,0.03439153439153439,0.4947089947089947,0.0,0.0,0.0,0.0,1.0
0.0,0.0,-0.04938271604938271,0.07407407407407407,-0.0962962962962963,0.14074074074074075,-0.1382716049382716,0.2123456790123457,-0.10617283950617284,0.2617283950617284,-0.037037037037037035,0.2617283950617284,0.05185185185185185,0.2617283950617284,0.08641975308641975,0.3135802469135803,0.08641975308641975,0.40987654320987654,0.09382716049382717,0.43703703703703706,0.0,0.0,0.0,0.0,1.0
0.0,0.0,-0.0021598272138228943,-0.058315334773218146,0.0021598272138228943,-0.12958963282937366,0.0064794816414686825,-0.1900647948164147,-0.058315334773218146,-0.183585313174946,-0.12742980561555076,-0.183585313174946,-0.09935205183585313,-0.22462203023758098,-0.05399568034557235,-0.26997840172786175,-0.017278617710583154,-0.31965442764578833,0.02159827213822894,-0.3714902807775378,0.0,0.0,0.0,0.0,1.0
0.0,0.0,0.0,-0.09523809523809523,0.010582010582010581,-0.17724867724867724,-0.010582010582010581,-0.24074074074074073,-0.10052910052910052,-0.2275132275132275,-0.19576719576719576,-0.2275132275132275,-0.19576719576719576,-0.2830687830687831,-0.11375661375661375,-0.3439153439153439,-0.042328042328042326,-0.3915343915343915,0.015873015873015872,-0.4656084656084656,0.0,0.0,0.0,0.0,1.0
0.0,0.0,0.0021645021645021645,-0.06493506493506493,0.012987012987012988,-0.12987012987012986,0.010822510822510822,-0.19264069264069264,-0.06277056277056277,-0.19264069264069264,-0.12987012987012986,-0.19264069264069264,-0.13636363636363635,-0.23376623376623376,-0.08441558441558442,-0.2813852813852814,-0.030303030303030304,-0.3225108225108225,0.017316017316017316,-0.37012987012987014,0.0,0.0,0.0,0.0,1.0
0.0,0.0,0.008771929824561403,-0.1023391812865497,0.03216374269005848,-0.1783625730994152,0.03216374269005848,-0.26608187134502925,-0.06432748538011696,-0.26608187134502925,-0.16374269005847952,-0.28362573099415206,-0.11988304093567251,-0.3362573099415205,-0.03216374269005848,-0.39473684210526316,0.03216374269005848,-0.4444444444444444,0.11403508771929824,-0.49122807017543857,0.0,0.0,0.0,0.0,1.0
0.0,0.0,0.0,-0.0702576112412178,0.00702576112412178,-0.1451990632318501,-0.0351288056206089,-0.1756440281030445,-0.11475409836065574,-0.1756440281030445,-0.1686182669789227,-0.18501170960187355,-0.11943793911007025,-0.24121779859484777,-0.053864168618266976,-0.29508196721311475,-0.00702576112412178,-0.3372365339578454,0.04918032786885246,-0.3864168618266979,0.0,0.0,0.0,0.0,1.0
0.0,0.0,0.0,-0.07246376811594203,0.0,-0.14492753623188406,-0.022774327122153208,-0.19461697722567287,-0.09523809523809523,-0.19461697722567287,-0.16977225672877846,-0.19461697722567287,-0.16563146997929606,-0.22981366459627328,-0.11387163561076605,-0.2712215320910973,-0.062111801242236024,-0.33126293995859213,-0.016563146997929608,-0.3830227743271222,0.0,0.0,0.0,0.0,1.0
